image_name,fen,view
game2_per_frame_frame_000200.jpg,rnbqkbnr/pppppppp/8/8/8/8/PPPPPPPP/RNBQKBNR,white pieces at the bottom of the image
game2_per_frame_frame_000588.jpg,rnbqkbnr/pppppppp/8/8/3P4/8/PPP1PPPP/RNBQKBNR,white pieces at the bottom of the image
game2_per_frame_frame_000620.jpg,rnbqkbnr/ppp1pppp/8/3p4/3P4/8/PPP1PPPP/RNBQKBNR,white pieces at the bottom of the image
game2_per_frame_frame_000840.jpg,rnbqkbnr/ppp1pppp/8/3p4/2PP4/8/PP2PPPP/RNBQKBNR,white pieces at the bottom of the image
game2_per_frame_frame_000856.jpg,rnbqkbnr/ppp2ppp/4p3/3p4/2PP4/8/PP2PPPP/RNBQKBNR,white pieces at the bottom of the image
game2_per_frame_frame_000872.jpg,rnbqkbnr/ppp2ppp/4p3/3p4/2PP4/2N5/PP2PPPP/R1BQKBNR,white pieces at the bottom of the image
game2_per_frame_frame_000896.jpg,rnbqkb1r/ppp2ppp/4pn2/3p4/2PP4/2N5/PP2PPPP/R1BQKBNR,white pieces at the bottom of the image
game2_per_frame_frame_000936.jpg,rnbqkb1r/ppp2ppp/4pn2/3p2B1/2PP4/2N5/PP2PPPP/R2QKBNR,white pieces at the bottom of the image
game2_per_frame_frame_001024.jpg,rnbqk2r/ppp1bppp/4pn2/3p2B1/2PP4/2N5/PP2PPPP/R2QKBNR,white pieces at the bottom of the image
game2_per_frame_frame_001040.jpg,rnbqk2r/ppp1bppp/4pn2/3p2B1/2PP4/2N1P3/PP3PPP/R2QKBNR,white pieces at the bottom of the image
game2_per_frame_frame_001124.jpg,rnbq1rk1/ppp1bppp/4pn2/3p2B1/2PP4/2N1P3/PP3PPP/R2QKBNR,white pieces at the bottom of the image
game2_per_frame_frame_001152.jpg,rnbq1rk1/ppp1bppp/4pn2/3p2B1/2PP4/2N1PN2/PP3PPP/R2QKB1R,white pieces at the bottom of the image
game2_per_frame_frame_001172.jpg,rnbq1rk1/ppp1bpp1/4pn1p/3p2B1/2PP4/2N1PN2/PP3PPP/R2QKB1R,white pieces at the bottom of the image
game2_per_frame_frame_001188.jpg,rnbq1rk1/ppp1bpp1/4pn1p/3p4/2PP3B/2N1PN2/PP3PPP/R2QKB1R,white pieces at the bottom of the image
game2_per_frame_frame_001216.jpg,rnbq1rk1/ppp1bpp1/4p2p/3p4/2PPn2B/2N1PN2/PP3PPP/R2QKB1R,white pieces at the bottom of the image
game2_per_frame_frame_001280.jpg,rnbq1rk1/ppp1Bpp1/4p2p/3p4/2PPn3/2N1PN2/PP3PPP/R2QKB1R,white pieces at the bottom of the image
game2_per_frame_frame_001300.jpg,rnb2rk1/ppp1qpp1/4p2p/3p4/2PPn3/2N1PN2/PP3PPP/R2QKB1R,white pieces at the bottom of the image
game2_per_frame_frame_001740.jpg,rnb2rk1/ppp1qpp1/4p2p/3p4/2PPn3/2N1PN2/PPQ2PPP/R3KB1R,white pieces at the bottom of the image
game2_per_frame_frame_001916.jpg,rnb2rk1/ppp1qpp1/4p2p/3p4/2PP4/2n1PN2/PPQ2PPP/R3KB1R,white pieces at the bottom of the image
game2_per_frame_frame_002000.jpg,rnb2rk1/ppp1qpp1/4p2p/3p4/2PP4/2Q1PN2/PP3PPP/R3KB1R,white pieces at the bottom of the image
game2_per_frame_frame_003100.jpg,rnb2rk1/ppp1qpp1/4p2p/8/2pP4/2Q1PN2/PP3PPP/R3KB1R,white pieces at the bottom of the image
game2_per_frame_frame_003308.jpg,rnb2rk1/ppp1qpp1/4p2p/8/2BP4/2Q1PN2/PP3PPP/R3K2R,white pieces at the bottom of the image
game2_per_frame_frame_003328.jpg,r1b2rk1/pppnqpp1/4p2p/8/2BP4/2Q1PN2/PP3PPP/R3K2R,white pieces at the bottom of the image
game2_per_frame_frame_003416.jpg,r1b2rk1/pppnqpp1/4p2p/8/2BP4/2Q1PN2/PP3PPP/R4RK1,white pieces at the bottom of the image
game2_per_frame_frame_004264.jpg,r1b2rk1/ppp1qpp1/1n2p2p/8/2BP4/2Q1PN2/PP3PPP/R4RK1,white pieces at the bottom of the image
game2_per_frame_frame_005044.jpg,r1b2rk1/ppp1qpp1/1n2p2p/8/2BP4/2Q1PN2/PP3PPP/2R2RK1,white pieces at the bottom of the image
game2_per_frame_frame_006092.jpg,r1b2rk1/pp2qpp1/1np1p2p/8/2BP4/2Q1PN2/PP3PPP/2R2RK1,white pieces at the bottom of the image
game2_per_frame_frame_006368.jpg,r1b2rk1/pp2qpp1/1np1p2p/8/3P4/1BQ1PN2/PP3PPP/2R2RK1,white pieces at the bottom of the image
game2_per_frame_frame_006532.jpg,r4rk1/pp1bqpp1/1np1p2p/8/3P4/1BQ1PN2/PP3PPP/2R2RK1,white pieces at the bottom of the image
game2_per_frame_frame_006568.jpg,r4rk1/pp1bqpp1/1np1p2p/4N3/3P4/1BQ1P3/PP3PPP/2R2RK1,white pieces at the bottom of the image
game2_per_frame_frame_007000.jpg,2r2rk1/pp1bqpp1/1np1p2p/4N3/3P4/1BQ1P3/PP3PPP/2R2RK1,white pieces at the bottom of the image
game2_per_frame_frame_007728.jpg,2r2rk1/pp1bqpp1/1np1p2p/Q3N3/3P4/1B2P3/PP3PPP/2R2RK1,white pieces at the bottom of the image
game2_per_frame_frame_008952.jpg,r4rk1/pp1bqpp1/1np1p2p/Q3N3/3P4/1B2P3/PP3PPP/2R2RK1,white pieces at the bottom of the image
game2_per_frame_frame_008988.jpg,r4rk1/pp1bqpp1/1np1p2p/2Q1N3/3P4/1B2P3/PP3PPP/2R2RK1,white pieces at the bottom of the image
game2_per_frame_frame_009384.jpg,r3r1k1/pp1bqpp1/1np1p2p/2Q1N3/3P4/1B2P3/PP3PPP/2R2RK1,white pieces at the bottom of the image
game2_per_frame_frame_009884.jpg,r3r1k1/pp1bqpp1/1np1p2p/2Q1N3/P2P4/1B2P3/1P3PPP/2R2RK1,white pieces at the bottom of the image
game2_per_frame_frame_010096.jpg,r3r1k1/pp1bqpp1/2p1p2p/2QnN3/P2P4/1B2P3/1P3PPP/2R2RK1,white pieces at the bottom of the image
game2_per_frame_frame_011140.jpg,r3r1k1/pp1bqpp1/2p1p2p/2QBN3/P2P4/4P3/1P3PPP/2R2RK1,white pieces at the bottom of the image
game2_per_frame_frame_011456.jpg,r3r1k1/pp1bqpp1/2p4p/2QpN3/P2P4/4P3/1P3PPP/2R2RK1,white pieces at the bottom of the image
game2_per_frame_frame_011696.jpg,r3r1k1/pp1bQpp1/2p4p/3pN3/P2P4/4P3/1P3PPP/2R2RK1,white pieces at the bottom of the image
game2_per_frame_frame_011712.jpg,r5k1/pp1brpp1/2p4p/3pN3/P2P4/4P3/1P3PPP/2R2RK1,white pieces at the bottom of the image
game2_per_frame_frame_011740.jpg,r5k1/pp1Nrpp1/2p4p/3p4/P2P4/4P3/1P3PPP/2R2RK1,white pieces at the bottom of the image
game2_per_frame_frame_011760.jpg,r5k1/pp1r1pp1/2p4p/3p4/P2P4/4P3/1P3PPP/2R2RK1,white pieces at the bottom of the image
game2_per_frame_frame_012092.jpg,r5k1/pp1r1pp1/2p4p/3p4/PP1P4/4P3/5PPP/2R2RK1,white pieces at the bottom of the image
game2_per_frame_frame_012864.jpg,2r3k1/pp1r1pp1/2p4p/3p4/PP1P4/4P3/5PPP/2R2RK1,white pieces at the bottom of the image
game2_per_frame_frame_013328.jpg,2r3k1/pp1r1pp1/2p4p/3p4/PP1P4/4P3/2R2PPP/5RK1,white pieces at the bottom of the image
game2_per_frame_frame_013616.jpg,2r3k1/ppr2pp1/2p4p/3p4/PP1P4/4P3/2R2PPP/5RK1,white pieces at the bottom of the image
game2_per_frame_frame_013636.jpg,2r3k1/ppr2pp1/2p4p/3p4/PP1P4/4P3/2R2PPP/2R3K1,white pieces at the bottom of the image
game2_per_frame_frame_013896.jpg,2r2k2/ppr2pp1/2p4p/3p4/PP1P4/4P3/2R2PPP/2R3K1,white pieces at the bottom of the image
game2_per_frame_frame_014132.jpg,2r2k2/ppr2pp1/2p4p/3p4/PP1P4/4P3/2R2PPP/2R2K2,white pieces at the bottom of the image
game2_per_frame_frame_014180.jpg,2r5/ppr1kpp1/2p4p/3p4/PP1P4/4P3/2R2PPP/2R2K2,white pieces at the bottom of the image
game2_per_frame_frame_014208.jpg,2r5/ppr1kpp1/2p4p/3p4/PP1P4/4P3/2R1KPPP/2R5,white pieces at the bottom of the image
game2_per_frame_frame_014256.jpg,2r5/ppr2pp1/2pk3p/3p4/PP1P4/4P3/2R1KPPP/2R5,white pieces at the bottom of the image
game2_per_frame_frame_014348.jpg,2r5/ppr2pp1/2pk3p/3p4/PP1P4/3KP3/2R2PPP/2R5,white pieces at the bottom of the image
game2_per_frame_frame_014904.jpg,2r5/p1r2pp1/1ppk3p/3p4/PP1P4/3KP3/2R2PPP/2R5,white pieces at the bottom of the image
game2_per_frame_frame_016592.jpg,2r5/p1r2pp1/1ppk3p/3p4/PP1P2P1/3KP3/2R2P1P/2R5,white pieces at the bottom of the image
game2_per_frame_frame_018764.jpg,2r5/p1r2pp1/1p1k3p/2pp4/PP1P2P1/3KP3/2R2P1P/2R5,white pieces at the bottom of the image
game2_per_frame_frame_019352.jpg,2r5/p1r2pp1/1p1k3p/2Pp4/PP4P1/3KP3/2R2P1P/2R5,white pieces at the bottom of the image
game2_per_frame_frame_019384.jpg,2r5/p1r2pp1/3k3p/2pp4/PP4P1/3KP3/2R2P1P/2R5,white pieces at the bottom of the image
game2_per_frame_frame_019936.jpg,2r5/p1r2pp1/3k3p/2Rp4/PP4P1/3KP3/5P1P/2R5,white pieces at the bottom of the image
game2_per_frame_frame_019976.jpg,2r5/p4pp1/3k3p/2rp4/PP4P1/3KP3/5P1P/2R5,white pieces at the bottom of the image
game2_per_frame_frame_019988.jpg,2r5/p4pp1/3k3p/2Rp4/PP4P1/3KP3/5P1P/8,white pieces at the bottom of the image
game2_per_frame_frame_020008.jpg,8/p4pp1/3k3p/2rp4/PP4P1/3KP3/5P1P/8,white pieces at the bottom of the image
game2_per_frame_frame_020024.jpg,8/p4pp1/3k3p/2Pp4/P5P1/3KP3/5P1P/8,white pieces at the bottom of the image
game2_per_frame_frame_020048.jpg,8/p4pp1/7p/2kp4/P5P1/3KP3/5P1P/8,white pieces at the bottom of the image
game2_per_frame_frame_020064.jpg,8/p4pp1/7p/2kp4/P5P1/2K1P3/5P1P/8,white pieces at the bottom of the image
game2_per_frame_frame_021900.jpg,8/p4p2/7p/2kp2p1/P5P1/2K1P3/5P1P/8,white pieces at the bottom of the image
game2_per_frame_frame_023676.jpg,8/p4p2/7p/2kp2p1/P4PP1/2K1P3/7P/8,white pieces at the bottom of the image
game2_per_frame_frame_026928.jpg,8/5p2/p6p/2kp2p1/P4PP1/2K1P3/7P/8,white pieces at the bottom of the image
game2_per_frame_frame_030604.jpg,8/5p2/p6p/2kp1Pp1/P5P1/2K1P3/7P/8,white pieces at the bottom of the image
game2_per_frame_frame_030388.jpg,8/8/p4p1p/2kp1Pp1/P5P1/2K1P3/7P/8,white pieces at the bottom of the image
game2_per_frame_frame_031032.jpg,8/8/p4p1p/P1kp1Pp1/6P1/2K1P3/7P/8,white pieces at the bottom of the image
game2_per_frame_frame_031120.jpg,8/8/p4p1p/Pk1p1Pp1/6P1/2K1P3/7P/8,white pieces at the bottom of the image
game2_per_frame_frame_031140.jpg,8/8/p4p1p/Pk1p1Pp1/3K2P1/4P3/7P/8,white pieces at the bottom of the image
game2_per_frame_frame_031332.jpg,8/8/p4p1p/k2p1Pp1/3K2P1/4P3/7P/8,white pieces at the bottom of the image
game2_per_frame_frame_031664.jpg,8/8/p4p1p/k2K1Pp1/6P1/4P3/7P/8,white pieces at the bottom of the image
game2_per_frame_frame_031800.jpg,8/8/pk3p1p/3K1Pp1/6P1/4P3/7P/8,white pieces at the bottom of the image
game4_per_frame_frame_000028.jpg,rnbqkbnr/pppppppp/8/8/8/8/PPPPPPPP/RNBQKBNR,white pieces at the bottom of the image
game4_per_frame_frame_000576.jpg,rnbqkbnr/pppppppp/8/8/4P3/8/PPPP1PPP/RNBQKBNR,white pieces at the bottom of the image
game4_per_frame_frame_000588.jpg,rnbqkbnr/pp1ppppp/8/2p5/4P3/8/PPPP1PPP/RNBQKBNR,white pieces at the bottom of the image
game4_per_frame_frame_000604.jpg,rnbqkbnr/pp1ppppp/8/2p5/4P3/2P5/PP1P1PPP/RNBQKBNR,white pieces at the bottom of the image
game4_per_frame_frame_000616.jpg,rnbqkb1r/pp1ppppp/5n2/2p5/4P3/2P5/PP1P1PPP/RNBQKBNR,white pieces at the bottom of the image
game4_per_frame_frame_000628.jpg,rnbqkb1r/pp1ppppp/5n2/2p1P3/8/2P5/PP1P1PPP/RNBQKBNR,white pieces at the bottom of the image
game4_per_frame_frame_000640.jpg,rnbqkb1r/pp1ppppp/8/2pnP3/8/2P5/PP1P1PPP/RNBQKBNR,white pieces at the bottom of the image
game4_per_frame_frame_000656.jpg,rnbqkb1r/pp1ppppp/8/2pnP3/3P4/2P5/PP3PPP/RNBQKBNR,white pieces at the bottom of the image
game4_per_frame_frame_000748.jpg,rnbqkb1r/pp1ppppp/8/3nP3/3p4/2P5/PP3PPP/RNBQKBNR,white pieces at the bottom of the image
game4_per_frame_frame_000760.jpg,rnbqkb1r/pp1ppppp/8/3nP3/3P4/8/PP3PPP/RNBQKBNR,white pieces at the bottom of the image
game4_per_frame_frame_000820.jpg,rnbqkb1r/pp2pppp/3p4/3nP3/3P4/8/PP3PPP/RNBQKBNR,white pieces at the bottom of the image
game4_per_frame_frame_000848.jpg,rnbqkb1r/pp2pppp/3p4/3nP3/3P4/5N2/PP3PPP/RNBQKB1R,white pieces at the bottom of the image
game4_per_frame_frame_000876.jpg,r1bqkb1r/pp2pppp/2np4/3nP3/3P4/5N2/PP3PPP/RNBQKB1R,white pieces at the bottom of the image
game4_per_frame_frame_000892.jpg,r1bqkb1r/pp2pppp/2np4/3nP3/2BP4/5N2/PP3PPP/RNBQK2R,white pieces at the bottom of the image
game4_per_frame_frame_000924.jpg,r1bqkb1r/pp2pppp/2n5/3np3/2BP4/5N2/PP3PPP/RNBQK2R,white pieces at the bottom of the image
game4_per_frame_frame_000964.jpg,r1bqkb1r/pp2pppp/2n5/3nP3/2B5/5N2/PP3PPP/RNBQK2R,white pieces at the bottom of the image
game4_per_frame_frame_001320.jpg,r2qkb1r/pp2pppp/2n1b3/3nP3/2B5/5N2/PP3PPP/RNBQK2R,white pieces at the bottom of the image
game4_per_frame_frame_001396.jpg,r2qkb1r/pp2pppp/2n1b3/3nP3/2B5/5N2/PP3PPP/RNBQ1RK1,white pieces at the bottom of the image
game4_per_frame_frame_001544.jpg,r2qkb1r/pp2pp1p/2n1b1p1/3nP3/2B5/5N2/PP3PPP/RNBQ1RK1,white pieces at the bottom of the image
game4_per_frame_frame_001664.jpg,r2qkb1r/pp2pp1p/2n1b1p1/3nP3/2B5/1Q3N2/PP3PPP/RNB2RK1,white pieces at the bottom of the image
game4_per_frame_frame_002156.jpg,r2qk2r/pp2ppbp/2n1b1p1/3nP3/2B5/1Q3N2/PP3PPP/RNB2RK1,white pieces at the bottom of the image
game4_per_frame_frame_003232.jpg,r2qk2r/pp2ppbp/2n1b1p1/3nP3/2B5/1Q3N2/PP3PPP/RNB1R1K1,white pieces at the bottom of the image
game4_per_frame_frame_003748.jpg,r2q1rk1/pp2ppbp/2n1b1p1/3nP3/2B5/1Q3N2/PP3PPP/RNB1R1K1,white pieces at the bottom of the image
game4_per_frame_frame_004284.jpg,r2q1rk1/pp2ppbp/2n1b1p1/3nP3/2B5/1Q3N2/PP1B1PPP/RN2R1K1,white pieces at the bottom of the image
game4_per_frame_frame_004660.jpg,r2q1rk1/ppn1ppbp/2n1b1p1/4P3/2B5/1Q3N2/PP1B1PPP/RN2R1K1,white pieces at the bottom of the image
game4_per_frame_frame_004848.jpg,r2q1rk1/ppn1ppbp/2n1B1p1/4P3/8/1Q3N2/PP1B1PPP/RN2R1K1,white pieces at the bottom of the image
game4_per_frame_frame_004880.jpg,r2q1rk1/pp2ppbp/2n1n1p1/4P3/8/1Q3N2/PP1B1PPP/RN2R1K1,white pieces at the bottom of the image
game4_per_frame_frame_005968.jpg,r2q1rk1/pQ2ppbp/2n1n1p1/4P3/8/5N2/PP1B1PPP/RN2R1K1,white pieces at the bottom of the image
game4_per_frame_frame_006504.jpg,r2q1rk1/pQ2ppbp/4n1p1/4P3/3n4/5N2/PP1B1PPP/RN2R1K1,white pieces at the bottom of the image
game4_per_frame_frame_006656.jpg,r2q1rk1/pQ2ppbp/4n1p1/4P3/3N4/8/PP1B1PPP/RN2R1K1,white pieces at the bottom of the image
game4_per_frame_frame_006808.jpg,r2q1rk1/pQ2ppbp/6p1/4P3/3n4/8/PP1B1PPP/RN2R1K1,white pieces at the bottom of the image
game4_per_frame_frame_006856.jpg,r2q1rk1/p3ppbp/6p1/4P3/3nQ3/8/PP1B1PPP/RN2R1K1,white pieces at the bottom of the image
game4_per_frame_frame_007992.jpg,1r1q1rk1/p3ppbp/6p1/4P3/3nQ3/8/PP1B1PPP/RN2R1K1,white pieces at the bottom of the image
game4_per_frame_frame_008820.jpg,1r1q1rk1/p3ppbp/6p1/4P3/3nQ3/2B5/PP3PPP/RN2R1K1,white pieces at the bottom of the image
game4_per_frame_frame_008896.jpg,1r1q1rk1/p3ppbp/4n1p1/4P3/4Q3/2B5/PP3PPP/RN2R1K1,white pieces at the bottom of the image
game4_per_frame_frame_009148.jpg,1r1q1rk1/p3ppbp/4n1p1/4P3/4Q3/2B5/PP1N1PPP/R3R1K1,white pieces at the bottom of the image
game4_per_frame_frame_009404.jpg,1r1q1rk1/p3ppbp/6p1/2n1P3/4Q3/2B5/PP1N1PPP/R3R1K1,white pieces at the bottom of the image
game4_per_frame_frame_010588.jpg,1r1q1rk1/p3ppbp/6p1/2n1P3/3Q4/2B5/PP1N1PPP/R3R1K1,white pieces at the bottom of the image
game4_per_frame_frame_011104.jpg,1r1q1rk1/p3ppbp/6p1/4P3/3Q4/2Bn4/PP1N1PPP/R3R1K1,white pieces at the bottom of the image
game4_per_frame_frame_011668.jpg,1r1q1rk1/p3ppbp/6p1/4P3/3Q4/2BnR3/PP1N1PPP/R5K1,white pieces at the bottom of the image
game4_per_frame_frame_012284.jpg,1r3rk1/p3ppbp/6p1/4P3/3q4/2BnR3/PP1N1PPP/R5K1,white pieces at the bottom of the image
game4_per_frame_frame_012316.jpg,1r3rk1/p3ppbp/6p1/4P3/3B4/3nR3/PP1N1PPP/R5K1,white pieces at the bottom of the image
game4_per_frame_frame_012444.jpg,1r3rk1/p3ppbp/6p1/4P3/3B4/4R3/Pn1N1PPP/R5K1,white pieces at the bottom of the image
game4_per_frame_frame_012844.jpg,1r3rk1/p3ppbp/6p1/4P3/3B4/4R3/Pn1N1PPP/1R4K1,white pieces at the bottom of the image
game4_per_frame_frame_012880.jpg,1r3rk1/p3ppbp/6p1/4P3/2nB4/4R3/P2N1PPP/1R4K1,white pieces at the bottom of the image
game4_per_frame_frame_013192.jpg,1R3rk1/p3ppbp/6p1/4P3/2nB4/4R3/P2N1PPP/6K1,white pieces at the bottom of the image
game4_per_frame_frame_013316.jpg,1r4k1/p3ppbp/6p1/4P3/2nB4/4R3/P2N1PPP/6K1,white pieces at the bottom of the image
game4_per_frame_frame_013352.jpg,1r4k1/p3ppbp/6p1/4P3/2nB4/1R6/P2N1PPP/6K1,white pieces at the bottom of the image
game4_per_frame_frame_014060.jpg,3r2k1/p3ppbp/6p1/4P3/2nB4/1R6/P2N1PPP/6K1,white pieces at the bottom of the image
game4_per_frame_frame_014392.jpg,3r2k1/p3ppbp/6p1/4P3/2NB4/1R6/P4PPP/6K1,white pieces at the bottom of the image
game4_per_frame_frame_014428.jpg,6k1/p3ppbp/6p1/4P3/2Nr4/1R6/P4PPP/6K1,white pieces at the bottom of the image
game4_per_frame_frame_014464.jpg,1R4k1/p3ppbp/6p1/4P3/2Nr4/8/P4PPP/6K1,white pieces at the bottom of the image
game4_per_frame_frame_014484.jpg,1R3bk1/p3pp1p/6p1/4P3/2Nr4/8/P4PPP/6K1,white pieces at the bottom of the image
game4_per_frame_frame_014504.jpg,1R3bk1/p3pp1p/6p1/4P3/3r4/4N3/P4PPP/6K1,white pieces at the bottom of the image
game4_per_frame_frame_015216.jpg,1R3bk1/p3pp1p/6p1/4P3/r7/4N3/P4PPP/6K1,white pieces at the bottom of the image
game4_per_frame_frame_015864.jpg,1R3bk1/p3pp1p/6p1/4P3/r7/4N1P1/P4P1P/6K1,white pieces at the bottom of the image
game4_per_frame_frame_015944.jpg,1R3bk1/p3pp1p/6p1/4P3/8/4N1P1/r4P1P/6K1,white pieces at the bottom of the image
game4_per_frame_frame_015972.jpg,1R3bk1/p3pp1p/6p1/3NP3/8/6P1/r4P1P/6K1,white pieces at the bottom of the image
game4_per_frame_frame_016136.jpg,1R3b2/p3ppkp/6p1/3NP3/8/6P1/r4P1P/6K1,white pieces at the bottom of the image
game4_per_frame_frame_016232.jpg,5b2/pR2ppkp/6p1/3NP3/8/6P1/r4P1P/6K1,white pieces at the bottom of the image
game4_per_frame_frame_018052.jpg,5b2/pR2ppkp/6p1/r2NP3/8/6P1/5P1P/6K1,white pieces at the bottom of the image
game4_per_frame_frame_018384.jpg,5b2/pR2Npkp/6p1/r3P3/8/6P1/5P1P/6K1,white pieces at the bottom of the image
game4_per_frame_frame_018432.jpg,5b2/pR2Npkp/6p1/4r3/8/6P1/5P1P/6K1,white pieces at the bottom of the image
game4_per_frame_frame_018844.jpg,5b2/pR3pkp/2N3p1/4r3/8/6P1/5P1P/6K1,white pieces at the bottom of the image
game4_per_frame_frame_019128.jpg,5b2/pR3pkp/2N3p1/8/8/6P1/4rP1P/6K1,white pieces at the bottom of the image
game4_per_frame_frame_019488.jpg,5b2/pR3pkp/2N3p1/8/8/6P1/4rP1P/5K2,white pieces at the bottom of the image
game4_per_frame_frame_019684.jpg,5b2/pR3pkp/2N3p1/8/8/6P1/2r2P1P/5K2,white pieces at the bottom of the image
game4_per_frame_frame_020140.jpg,3N1b2/pR3pkp/6p1/8/8/6P1/2r2P1P/5K2,white pieces at the bottom of the image
game4_per_frame_frame_022252.jpg,3N1b2/1R3pkp/6p1/p7/8/6P1/2r2P1P/5K2,white pieces at the bottom of the image
game4_per_frame_frame_023452.jpg,3N1b2/5Rkp/6p1/p7/8/6P1/2r2P1P/5K2,white pieces at the bottom of the image
game4_per_frame_frame_023508.jpg,3N1bk1/5R1p/6p1/p7/8/6P1/2r2P1P/5K2,white pieces at the bottom of the image
game4_per_frame_frame_023540.jpg,3N1bk1/7p/6p1/p7/5R2/6P1/2r2P1P/5K2,white pieces at the bottom of the image
game4_per_frame_frame_024180.jpg,3N2k1/7p/3b2p1/p7/5R2/6P1/2r2P1P/5K2,white pieces at the bottom of the image
game4_per_frame_frame_024552.jpg,3N2k1/7p/3b2p1/p7/4R3/6P1/2r2P1P/5K2,white pieces at the bottom of the image
game4_per_frame_frame_024584.jpg,3N2k1/7p/6p1/p1b5/4R3/6P1/2r2P1P/5K2,white pieces at the bottom of the image
game4_per_frame_frame_025436.jpg,3N2k1/7p/6p1/p1b5/5R2/6P1/2r2P1P/5K2,white pieces at the bottom of the image
game4_per_frame_frame_026828.jpg,3N2k1/8/6p1/p1b4p/5R2/6P1/2r2P1P/5K2,white pieces at the bottom of the image
game4_per_frame_frame_027056.jpg,6k1/8/4N1p1/p1b4p/5R2/6P1/2r2P1P/5K2,white pieces at the bottom of the image
game4_per_frame_frame_027112.jpg,6k1/8/3bN1p1/p6p/5R2/6P1/2r2P1P/5K2,white pieces at the bottom of the image
game4_per_frame_frame_027984.jpg,6k1/8/4N1p1/p3b2p/3R4/6P1/2r2P1P/5K2,white pieces at the bottom of the image
game4_per_frame_frame_028124.jpg,6k1/8/4N1p1/p2Rb2p/8/6P1/2r2P1P/5K2,white pieces at the bottom of the image
game4_per_frame_frame_028412.jpg,6k1/8/4N1p1/p2R3p/8/2b3P1/2r2P1P/5K2,white pieces at the bottom of the image
game4_per_frame_frame_029056.jpg,6k1/8/6p1/p2R3p/5N2/2b3P1/2r2P1P/5K2,white pieces at the bottom of the image
game4_per_frame_frame_029184.jpg,6k1/8/6p1/3R3p/p4N2/2b3P1/2r2P1P/5K2,white pieces at the bottom of the image
game4_per_frame_frame_029464.jpg,3R2k1/8/6p1/7p/p4N2/2b3P1/2r2P1P/5K2,white pieces at the bottom of the image
game4_per_frame_frame_029500.jpg,3R4/5k2/6p1/7p/p4N2/2b3P1/2r2P1P/5K2,white pieces at the bottom of the image
game4_per_frame_frame_029564.jpg,R7/5k2/6p1/7p/p4N2/2b3P1/2r2P1P/5K2,white pieces at the bottom of the image
game4_per_frame_frame_030000.jpg,R7/5k2/6p1/7p/p4N2/2b3P1/r4P1P/5K2,white pieces at the bottom of the image
game4_per_frame_frame_030060.jpg,8/R4k2/6p1/7p/p4N2/2b3P1/r4P1P/5K2,white pieces at the bottom of the image
game4_per_frame_frame_030232.jpg,6k1/R7/6p1/7p/p4N2/2b3P1/r4P1P/5K2,white pieces at the bottom of the image
game4_per_frame_frame_030952.jpg,R5k1/8/6p1/7p/p4N2/2b3P1/r4P1P/5K2,white pieces at the bottom of the image
game4_per_frame_frame_031008.jpg,R7/7k/6p1/7p/p4N2/2b3P1/r4P1P/5K2,white pieces at the bottom of the image
game4_per_frame_frame_031332.jpg,8/R6k/6p1/7p/p4N2/2b3P1/r4P1P/5K2,white pieces at the bottom of the image
game4_per_frame_frame_031432.jpg,8/R7/6pk/7p/p4N2/2b3P1/r4P1P/5K2,white pieces at the bottom of the image
game4_per_frame_frame_031880.jpg,8/8/R5pk/7p/p4N2/2b3P1/r4P1P/5K2,white pieces at the bottom of the image
game4_per_frame_frame_031912.jpg,8/8/R5pk/7p/5N2/p1b3P1/r4P1P/5K2,white pieces at the bottom of the image
game4_per_frame_frame_031944.jpg,8/8/6Rk/7p/5N2/p1b3P1/r4P1P/5K2,white pieces at the bottom of the image
game4_per_frame_frame_031960.jpg,8/7k/6R1/7p/5N2/p1b3P1/r4P1P/5K2,white pieces at the bottom of the image
game4_per_frame_frame_032288.jpg,8/7k/R7/7p/5N2/p1b3P1/r4P1P/5K2,white pieces at the bottom of the image
game4_per_frame_frame_032320.jpg,8/7k/R7/7p/5N2/p1b3P1/5P1P/r4K2,white pieces at the bottom of the image
game4_per_frame_frame_032400.jpg,8/7k/R7/7p/5N2/p1b3P1/5PKP/r7,white pieces at the bottom of the image
game4_per_frame_frame_032808.jpg,8/7k/R7/7p/3b1N2/p5P1/5PKP/r7,white pieces at the bottom of the image
game4_per_frame_frame_033452.jpg,8/7k/8/7p/R2b1N2/p5P1/5PKP/r7,white pieces at the bottom of the image
game4_per_frame_frame_034136.jpg,8/7k/8/7p/R4N2/p5P1/1b3PKP/r7,white pieces at the bottom of the image
game4_per_frame_frame_034236.jpg,8/7k/8/7N/R7/p5P1/1b3PKP/r7,white pieces at the bottom of the image
game4_per_frame_frame_034268.jpg,8/7k/8/7N/R7/p5P1/1b3PKP/3r4,white pieces at the bottom of the image
game4_per_frame_frame_034392.jpg,8/7k/8/8/R4N2/p5P1/1b3PKP/3r4,white pieces at the bottom of the image
game4_per_frame_frame_034532.jpg,8/7k/8/8/R4N2/p5P1/1b1r1PKP/8,white pieces at the bottom of the image
game4_per_frame_frame_035020.jpg,8/7k/8/8/R4N1P/p5P1/1b1r1PK1/8,white pieces at the bottom of the image
game4_per_frame_frame_035056.jpg,8/7k/8/8/R4N1P/p5P1/3r1PK1/2b5,white pieces at the bottom of the image
game4_per_frame_frame_035212.jpg,8/7k/8/8/R4N1P/p4KP1/3r1P2/2b5,white pieces at the bottom of the image
game4_per_frame_frame_035492.jpg,8/7k/8/8/R6P/p2N1KP1/2r2P2/2b5,white pieces at the bottom of the image
game4_per_frame_frame_035704.jpg,8/7k/8/8/R6P/p1rN1KP1/5P2/2b5,white pieces at the bottom of the image
game4_per_frame_frame_035720.jpg,8/7k/8/8/R3K2P/p1rN2P1/5P2/2b5,white pieces at the bottom of the image
game4_per_frame_frame_035848.jpg,8/7k/7b/8/R3K2P/p1rN2P1/5P2/8,white pieces at the bottom of the image
game4_per_frame_frame_035924.jpg,8/7k/7b/8/R3KP1P/p1rN2P1/8/8,white pieces at the bottom of the image
game4_per_frame_frame_035972.jpg,5b2/7k/8/8/R3KP1P/p1rN2P1/8/8,white pieces at the bottom of the image
game4_per_frame_frame_036224.jpg,5b2/7k/8/8/R3KPPP/p1rN4/8/8,white pieces at the bottom of the image
game4_per_frame_frame_036244.jpg,5b2/7k/8/8/R3KPPP/p2N4/2r5/8,white pieces at the bottom of the image
game4_per_frame_frame_036400.jpg,5b2/R6k/8/8/4KPPP/p2N4/2r5/8,white pieces at the bottom of the image
game4_per_frame_frame_036424.jpg,5bk1/R7/8/8/4KPPP/p2N4/2r5/8,white pieces at the bottom of the image
game4_per_frame_frame_036484.jpg,R4bk1/8/8/8/4KPPP/p2N4/2r5/8,white pieces at the bottom of the image
game4_per_frame_frame_036520.jpg,R4bk1/8/8/8/2r1KPPP/p2N4/8/8,white pieces at the bottom of the image
game4_per_frame_frame_036556.jpg,R4bk1/8/8/3K4/2r2PPP/p2N4/8/8,white pieces at the bottom of the image
game4_per_frame_frame_036580.jpg,R4bk1/8/8/3K4/5PPP/p1rN4/8/8,white pieces at the bottom of the image
game4_per_frame_frame_036652.jpg,R4bk1/8/8/3KN3/5PPP/p1r5/8/8,white pieces at the bottom of the image
game4_per_frame_frame_036740.jpg,R4bk1/8/8/3KN3/5PPP/p6r/8/8,white pieces at the bottom of the image
game4_per_frame_frame_036772.jpg,R4bk1/8/6N1/3K4/5PPP/p6r/8/8,white pieces at the bottom of the image
game4_per_frame_frame_036796.jpg,R4b2/6k1/6N1/3K4/5PPP/p6r/8/8,white pieces at the bottom of the image
game4_per_frame_frame_036812.jpg,R4N2/6k1/8/3K4/5PPP/p6r/8/8,white pieces at the bottom of the image
game4_per_frame_frame_036984.jpg,R4N2/6k1/8/3K4/5PPr/p7/8/8,white pieces at the bottom of the image
game4_per_frame_frame_037000.jpg,R7/6k1/4N3/3K4/5PPr/p7/8/8,white pieces at the bottom of the image
game4_per_frame_frame_037024.jpg,R7/8/4Nk2/3K4/5PPr/p7/8/8,white pieces at the bottom of the image
game4_per_frame_frame_037040.jpg,R7/8/4Nk2/3K2P1/5P1r/p7/8/8,white pieces at the bottom of the image
game4_per_frame_frame_037076.jpg,R7/4k3/4N3/3K2P1/5P1r/p7/8/8,white pieces at the bottom of the image
game4_per_frame_frame_037108.jpg,8/4k3/4N3/3K2P1/5P1r/R7/8/8,white pieces at the bottom of the image
game4_per_frame_frame_037128.jpg,8/4k3/4N3/3K2P1/5P2/R7/8/7r,white pieces at the bottom of the image
game4_per_frame_frame_037180.jpg,8/4k3/4N3/3K2P1/5P2/4R3/8/7r,white pieces at the bottom of the image
game4_per_frame_frame_037208.jpg,8/4k3/4N3/3K2P1/5P2/4R3/8/3r4,white pieces at the bottom of the image
game4_per_frame_frame_037220.jpg,8/4k3/4N3/4K1P1/5P2/4R3/8/3r4,white pieces at the bottom of the image
game4_per_frame_frame_037264.jpg,8/4k3/4N3/4K1P1/5P2/4R3/8/r7,white pieces at the bottom of the image
game4_per_frame_frame_037340.jpg,8/4k3/4N3/5KP1/5P2/4R3/8/r7,white pieces at the bottom of the image
game4_per_frame_frame_037392.jpg,8/4k3/4N3/r4KP1/5P2/4R3/8/8,white pieces at the bottom of the image
game4_per_frame_frame_037420.jpg,8/4k3/4N3/r3RKP1/5P2/8/8/8,white pieces at the bottom of the image
game4_per_frame_frame_037504.jpg,8/4k3/4N3/4RKP1/5P2/8/8/r7,white pieces at the bottom of the image
game4_per_frame_frame_037528.jpg,8/4k3/8/4RKP1/3N1P2/8/8/r7,white pieces at the bottom of the image
game4_per_frame_frame_037576.jpg,8/5k2/8/4RKP1/3N1P2/8/8/r7,white pieces at the bottom of the image
game4_per_frame_frame_037596.jpg,8/5k2/6P1/4RK2/3N1P2/8/8/r7,white pieces at the bottom of the image
game4_per_frame_frame_037636.jpg,6k1/8/6P1/4RK2/3N1P2/8/8/r7,white pieces at the bottom of the image
game4_per_frame_frame_037668.jpg,6k1/8/5KP1/4R3/3N1P2/8/8/r7,white pieces at the bottom of the image
game4_per_frame_frame_037696.jpg,6k1/8/r4KP1/4R3/3N1P2/8/8/8,white pieces at the bottom of the image
game4_per_frame_frame_037716.jpg,6k1/8/r3RKP1/8/3N1P2/8/8/8,white pieces at the bottom of the image
game4_per_frame_frame_037740.jpg,r5k1/8/4RKP1/8/3N1P2/8/8/8,white pieces at the bottom of the image
game4_per_frame_frame_037772.jpg,r5k1/8/4RKP1/5N2/5P2/8/8/8,white pieces at the bottom of the image
game4_per_frame_frame_037820.jpg,5rk1/8/4RKP1/5N2/5P2/8/8/8,white pieces at the bottom of the image
game4_per_frame_frame_037840.jpg,5rk1/8/4R1P1/5NK1/5P2/8/8/8,white pieces at the bottom of the image
game4_per_frame_frame_037896.jpg,r5k1/8/4R1P1/5NK1/5P2/8/8/8,white pieces at the bottom of the image
game4_per_frame_frame_037940.jpg,r5k1/4R3/6P1/5NK1/5P2/8/8/8,white pieces at the bottom of the image
game4_per_frame_frame_038044.jpg,1r4k1/4R3/6P1/5NK1/5P2/8/8/8,white pieces at the bottom of the image
game4_per_frame_frame_038208.jpg,1r4k1/4R3/6PN/6K1/5P2/8/8/8,white pieces at the bottom of the image
game4_per_frame_frame_038236.jpg,1r3k2/4R3/6PN/6K1/5P2/8/8/8,white pieces at the bottom of the image
game4_per_frame_frame_038244.jpg,1r3k2/5R2/6PN/6K1/5P2/8/8/8,white pieces at the bottom of the image
game4_per_frame_frame_038260.jpg,1r2k3/5R2/6PN/6K1/5P2/8/8/8,white pieces at the bottom of the image
game4_per_frame_frame_038276.jpg,1r2k3/7R/6PN/6K1/5P2/8/8/8,white pieces at the bottom of the image
game4_per_frame_frame_038308.jpg,4k3/7R/6PN/1r4K1/5P2/8/8/8,white pieces at the bottom of the image
game4_per_frame_frame_038316.jpg,4k3/7R/6PN/1r3PK1/8/8/8/8,white pieces at the bottom of the image
game4_per_frame_frame_038336.jpg,4k3/7R/6PN/5PK1/8/8/8/1r6,white pieces at the bottom of the image
game4_per_frame_frame_038360.jpg,4k3/6PR/7N/5PK1/8/8/8/1r6,white pieces at the bottom of the image
game4_per_frame_frame_038424.jpg,4k3/6PR/7N/5PK1/8/8/8/6r1,white pieces at the bottom of the image
game4_per_frame_frame_038480.jpg,4k3/6PR/5K1N/5P2/8/8/8/6r1,white pieces at the bottom of the image
game4_per_frame_frame_038728.jpg,3k4/6PR/5K1N/5P2/8/8/8/6r1,white pieces at the bottom of the image
game4_per_frame_frame_038772.jpg,3k2Q1/7R/5K1N/5P2/8/8/8/6r1,white pieces at the bottom of the image
game4_per_frame_frame_038804.jpg,3k2r1/7R/5K1N/5P2/8/8/8/8,white pieces at the bottom of the image
game4_per_frame_frame_038816.jpg,3k2N1/7R/5K2/5P2/8/8/8/8,white pieces at the bottom of the image
game4_per_frame_frame_038832.jpg,4k1N1/7R/5K2/5P2/8/8/8/8,white pieces at the bottom of the image
game4_per_frame_frame_038852.jpg,4k1N1/7R/4K3/5P2/8/8/8/8,white pieces at the bottom of the image
game4_per_frame_frame_038872.jpg,5kN1/7R/4K3/5P2/8/8/8/8,white pieces at the bottom of the image
game4_per_frame_frame_038924.jpg,5kN1/R7/4K3/5P2/8/8/8/8,white pieces at the bottom of the image
game4_per_frame_frame_038976.jpg,6k1/R7/4K3/5P2/8/8/8/8,white pieces at the bottom of the image
game4_per_frame_frame_039008.jpg,6k1/R7/5K2/5P2/8/8/8/8,white pieces at the bottom of the image
game4_per_frame_frame_039032.jpg,7k/R7/5K2/5P2/8/8/8/8,white pieces at the bottom of the image
game4_per_frame_frame_039056.jpg,7k/R7/6K1/5P2/8/8/8/8,white pieces at the bottom of the image
game4_per_frame_frame_039060.jpg,6k1/R7/6K1/5P2/8/8/8/8,white pieces at the bottom of the image
game4_per_frame_frame_039084.jpg,R5k1/8/6K1/5P2/8/8/8/8,white pieces at the bottom of the image
game5_per_frame_frame_000044.jpg,rnbqkbnr/pppppppp/8/8/8/8/PPPPPPPP/RNBQKBNR,white pieces at the bottom of the image
game5_per_frame_frame_000528.jpg,rnbqkbnr/pppppppp/8/8/3P4/8/PPP1PPPP/RNBQKBNR,white pieces at the bottom of the image
game5_per_frame_frame_000548.jpg,rnbqkb1r/pppppppp/5n2/8/3P4/8/PPP1PPPP/RNBQKBNR,white pieces at the bottom of the image
game5_per_frame_frame_000584.jpg,rnbqkb1r/pppppppp/5n2/6B1/3P4/8/PPP1PPPP/RN1QKBNR,white pieces at the bottom of the image
game5_per_frame_frame_000664.jpg,rnbqkb1r/pp1ppppp/5n2/2p3B1/3P4/8/PPP1PPPP/RN1QKBNR,white pieces at the bottom of the image
game5_per_frame_frame_000724.jpg,rnbqkb1r/pp1ppppp/5B2/2p5/3P4/8/PPP1PPPP/RN1QKBNR,white pieces at the bottom of the image
game5_per_frame_frame_000752.jpg,rnbqkb1r/pp1p1ppp/5p2/2p5/3P4/8/PPP1PPPP/RN1QKBNR,white pieces at the bottom of the image
game5_per_frame_frame_001240.jpg,rnbqkb1r/pp1p1ppp/5p2/2pP4/8/8/PPP1PPPP/RN1QKBNR,white pieces at the bottom of the image
game5_per_frame_frame_001332.jpg,rnbqkb1r/pp1p1p1p/5pp1/2pP4/8/8/PPP1PPPP/RN1QKBNR,white pieces at the bottom of the image
game5_per_frame_frame_001372.jpg,rnbqkb1r/pp1p1p1p/5pp1/2pP4/2P5/8/PP2PPPP/RN1QKBNR,white pieces at the bottom of the image
game5_per_frame_frame_001412.jpg,rnbqk2r/pp1p1pbp/5pp1/2pP4/2P5/8/PP2PPPP/RN1QKBNR,white pieces at the bottom of the image
game5_per_frame_frame_001444.jpg,rnbqk2r/pp1p1pbp/5pp1/2pP4/2P5/2N5/PP2PPPP/R2QKBNR,white pieces at the bottom of the image
game5_per_frame_frame_001656.jpg,rnbq1rk1/pp1p1pbp/5pp1/2pP4/2P5/2N5/PP2PPPP/R2QKBNR,white pieces at the bottom of the image
game5_per_frame_frame_001840.jpg,rnbq1rk1/pp1p1pbp/5pp1/2pP4/2P5/2N1P3/PP3PPP/R2QKBNR,white pieces at the bottom of the image
game5_per_frame_frame_001908.jpg,rnbq1rk1/pp1p1pbp/6p1/2pP1p2/2P5/2N1P3/PP3PPP/R2QKBNR,white pieces at the bottom of the image
game5_per_frame_frame_002360.jpg,rnbq1rk1/pp1p1pbp/6p1/2pP1p2/2P5/2N1P1P1/PP3P1P/R2QKBNR,white pieces at the bottom of the image
game5_per_frame_frame_002472.jpg,rnbq1rk1/pp3pbp/3p2p1/2pP1p2/2P5/2N1P1P1/PP3P1P/R2QKBNR,white pieces at the bottom of the image
game5_per_frame_frame_002516.jpg,rnbq1rk1/pp3pbp/3p2p1/2pP1p2/2P5/2N1P1P1/PP3PBP/R2QK1NR,white pieces at the bottom of the image
game5_per_frame_frame_002552.jpg,rnbq1rk1/p4pbp/3p2p1/1ppP1p2/2P5/2N1P1P1/PP3PBP/R2QK1NR,white pieces at the bottom of the image
game5_per_frame_frame_002852.jpg,rnbq1rk1/p4pbp/3p2p1/1PpP1p2/8/2N1P1P1/PP3PBP/R2QK1NR,white pieces at the bottom of the image
game5_per_frame_frame_002880.jpg,rnbq1rk1/5pbp/p2p2p1/1PpP1p2/8/2N1P1P1/PP3PBP/R2QK1NR,white pieces at the bottom of the image
game5_per_frame_frame_002924.jpg,rnbq1rk1/5pbp/P2p2p1/2pP1p2/8/2N1P1P1/PP3PBP/R2QK1NR,white pieces at the bottom of the image
game5_per_frame_frame_003100.jpg,rn1q1rk1/5pbp/b2p2p1/2pP1p2/8/2N1P1P1/PP3PBP/R2QK1NR,white pieces at the bottom of the image
game5_per_frame_frame_003140.jpg,rn1q1rk1/5pbp/b2p2p1/2pP1p2/8/2N1P1P1/PP2NPBP/R2QK2R,white pieces at the bottom of the image
game5_per_frame_frame_003264.jpg,r2q1rk1/3n1pbp/b2p2p1/2pP1p2/8/2N1P1P1/PP2NPBP/R2QK2R,white pieces at the bottom of the image
game5_per_frame_frame_003720.jpg,r2q1rk1/3n1pbp/b2p2p1/2pP1p2/8/2N1P1P1/PP2NPBP/R2Q1RK1,white pieces at the bottom of the image
game5_per_frame_frame_003788.jpg,r2q1rk1/5pbp/b2p2p1/2pPnp2/8/2N1P1P1/PP2NPBP/R2Q1RK1,white pieces at the bottom of the image
game5_per_frame_frame_004168.jpg,r2q1rk1/5pbp/b2p2p1/2pPnp2/8/2N1P1P1/PPQ1NPBP/R4RK1,white pieces at the bottom of the image
game5_per_frame_frame_004264.jpg,r4rk1/5pbp/b2p2p1/q1pPnp2/8/2N1P1P1/PPQ1NPBP/R4RK1,white pieces at the bottom of the image
game5_per_frame_frame_004604.jpg,r4rk1/5pbp/b2p2p1/q1pPnp2/8/2N1P1P1/PPQ1NPBP/R2R2K1,white pieces at the bottom of the image
game5_per_frame_frame_004752.jpg,r4rk1/5pbp/b2p2p1/q1pP1p2/2n5/2N1P1P1/PPQ1NPBP/R2R2K1,white pieces at the bottom of the image
game5_per_frame_frame_005160.jpg,r4rk1/5pbp/b2p2p1/q1pP1p2/2n5/2N1P1P1/PPQ1NPBP/2RR2K1,white pieces at the bottom of the image
game5_per_frame_frame_005560.jpg,r4rk1/5pbp/b2p2p1/q1pP1p2/8/2N1P1P1/PnQ1NPBP/2RR2K1,white pieces at the bottom of the image
game5_per_frame_frame_005792.jpg,r4rk1/5pbp/b2p2p1/q1pP1p2/8/2N1P1P1/PQ2NPBP/2RR2K1,white pieces at the bottom of the image
game5_per_frame_frame_005828.jpg,r4rk1/5pbp/3p2p1/q1pP1p2/8/2N1P1P1/PQ2bPBP/2RR2K1,white pieces at the bottom of the image
game5_per_frame_frame_006280.jpg,r4rk1/5pbp/3p2p1/q1pP1p2/8/2N1P1P1/P3QPBP/2RR2K1,white pieces at the bottom of the image
game5_per_frame_frame_006320.jpg,r4rk1/5p1p/3p2p1/q1pP1p2/8/2b1P1P1/P3QPBP/2RR2K1,white pieces at the bottom of the image
game5_per_frame_frame_006640.jpg,r4rk1/5p1p/3p2p1/q1pP1p2/7P/2b1P1P1/P3QPB1/2RR2K1,white pieces at the bottom of the image
game5_per_frame_frame_006956.jpg,r4rk1/5p1p/3p2p1/q1pPbp2/7P/4P1P1/P3QPB1/2RR2K1,white pieces at the bottom of the image
game5_per_frame_frame_007196.jpg,r4rk1/5p1p/3p2p1/q1pPbp2/7P/4P1P1/P1R1QPB1/3R2K1,white pieces at the bottom of the image
game5_per_frame_frame_007236.jpg,rr4k1/5p1p/3p2p1/q1pPbp2/7P/4P1P1/P1R1QPB1/3R2K1,white pieces at the bottom of the image
game5_per_frame_frame_007436.jpg,rr4k1/5p1p/3p2p1/q1pPbp1P/8/4P1P1/P1R1QPB1/3R2K1,white pieces at the bottom of the image
game5_per_frame_frame_007544.jpg,rr4k1/5p1p/q2p2p1/2pPbp1P/8/4P1P1/P1R1QPB1/3R2K1,white pieces at the bottom of the image
game5_per_frame_frame_008600.jpg,rr4k1/5p1p/Q2p2p1/2pPbp1P/8/4P1P1/P1R2PB1/3R2K1,white pieces at the bottom of the image
game5_per_frame_frame_008620.jpg,1r4k1/5p1p/r2p2p1/2pPbp1P/8/4P1P1/P1R2PB1/3R2K1,white pieces at the bottom of the image
game5_per_frame_frame_008652.jpg,1r4k1/5p1p/r2p2P1/2pPbp2/8/4P1P1/P1R2PB1/3R2K1,white pieces at the bottom of the image
game5_per_frame_frame_009020.jpg,1r4k1/7p/r2p2p1/2pPbp2/8/4P1P1/P1R2PB1/3R2K1,white pieces at the bottom of the image
game5_per_frame_frame_009308.jpg,1r4k1/7p/r2p2p1/2pPbp2/8/4P1P1/P1R2P2/3R1BK1,white pieces at the bottom of the image
game5_per_frame_frame_009332.jpg,1r4k1/7p/3p2p1/2pPbp2/8/r3P1P1/P1R2P2/3R1BK1,white pieces at the bottom of the image
game5_per_frame_frame_009500.jpg,1r4k1/7p/3p2p1/2pPbp2/8/r2RP1P1/P1R2P2/5BK1,white pieces at the bottom of the image
game5_per_frame_frame_011108.jpg,1r4k1/7p/3p2p1/2pPbp2/8/3rP1P1/P1R2P2/5BK1,white pieces at the bottom of the image
game5_per_frame_frame_011152.jpg,1r4k1/7p/3p2p1/2pPbp2/8/3BP1P1/P1R2P2/6K1,white pieces at the bottom of the image
game5_per_frame_frame_011364.jpg,1r6/5k1p/3p2p1/2pPbp2/8/3BP1P1/P1R2P2/6K1,white pieces at the bottom of the image
game5_per_frame_frame_011488.jpg,1r6/5k1p/3p2p1/2pPbp2/8/3BP1P1/P1R2PK1/8,white pieces at the bottom of the image
game5_per_frame_frame_011884.jpg,8/5k1p/3p2p1/2pPbp2/8/3BP1P1/P1R2PK1/1r6,white pieces at the bottom of the image
game5_per_frame_frame_013728.jpg,8/5k1p/3p2p1/2pPbp2/P7/3BP1P1/2R2PK1/1r6,white pieces at the bottom of the image
game5_per_frame_frame_014008.jpg,8/5k1p/3p2p1/2pPbp2/P7/3BP1P1/2R2PK1/r7,white pieces at the bottom of the image
game5_per_frame_frame_014124.jpg,8/5k1p/3p2p1/1BpPbp2/P7/4P1P1/2R2PK1/r7,white pieces at the bottom of the image
game5_per_frame_frame_014148.jpg,8/4k2p/3p2p1/1BpPbp2/P7/4P1P1/2R2PK1/r7,white pieces at the bottom of the image
game5_per_frame_frame_014872.jpg,8/4k2p/3p2p1/1BpPbp2/P7/4P1P1/3R1PK1/r7,white pieces at the bottom of the image
game5_per_frame_frame_014972.jpg,3k4/7p/3p2p1/1BpPbp2/P7/4P1P1/3R1PK1/r7,white pieces at the bottom of the image
game5_per_frame_frame_015364.jpg,3k4/7p/3p2p1/1BpPbp2/P7/4P1P1/4RPK1/r7,white pieces at the bottom of the image
game5_per_frame_frame_017528.jpg,8/2k4p/3p2p1/1BpPbp2/P7/4P1P1/4RPK1/r7,white pieces at the bottom of the image
game5_per_frame_frame_018124.jpg,8/2k4p/3p2p1/1BpPbp2/P4P2/4P1P1/4R1K1/r7,white pieces at the bottom of the image
game5_per_frame_frame_018568.jpg,8/2k4p/3p2p1/1BpP1p2/P4P2/2b1P1P1/4R1K1/r7,white pieces at the bottom of the image
game5_per_frame_frame_018764.jpg,8/2k4p/3p2p1/1BpP1p2/P3PP2/2b3P1/4R1K1/r7,white pieces at the bottom of the image
game5_per_frame_frame_018928.jpg,8/2k4p/3p2p1/1BpP1p2/P3PP2/2b3P1/4R1K1/3r4,white pieces at the bottom of the image
game5_per_frame_frame_020172.jpg,8/2k4p/3p2p1/1BpPPp2/P4P2/2b3P1/4R1K1/3r4,white pieces at the bottom of the image
game5_per_frame_frame_024528.jpg,8/2k4p/6p1/1BpPpp2/P4P2/2b3P1/4R1K1/3r4,white pieces at the bottom of the image
game5_per_frame_frame_024560.jpg,8/2k4p/6p1/1BpPPp2/P7/2b3P1/4R1K1/3r4,white pieces at the bottom of the image
game5_per_frame_frame_024600.jpg,8/2k4p/6p1/1BprPp2/P7/2b3P1/4R1K1/8,white pieces at the bottom of the image
game5_per_frame_frame_024684.jpg,8/2k4p/4P1p1/1Bpr1p2/P7/2b3P1/4R1K1/8,white pieces at the bottom of the image
game5_per_frame_frame_027424.jpg,8/2k4p/4Pbp1/1Bpr1p2/P7/6P1/4R1K1/8,white pieces at the bottom of the image
game5_per_frame_frame_024756.jpg,8/2k1P2p/5bp1/1Bpr1p2/P7/6P1/4R1K1/8,white pieces at the bottom of the image
game5_per_frame_frame_024772.jpg,8/2k1b2p/6p1/1Bpr1p2/P7/6P1/4R1K1/8,white pieces at the bottom of the image
game5_per_frame_frame_024796.jpg,8/2k1R2p/6p1/1Bpr1p2/P7/6P1/6K1/8,white pieces at the bottom of the image
game5_per_frame_frame_024812.jpg,8/4R2p/1k4p1/1Bpr1p2/P7/6P1/6K1/8,white pieces at the bottom of the image
game5_per_frame_frame_025004.jpg,8/7R/1k4p1/1Bpr1p2/P7/6P1/6K1/8,white pieces at the bottom of the image
game5_per_frame_frame_025024.jpg,8/7R/6p1/kBpr1p2/P7/6P1/6K1/8,white pieces at the bottom of the image
game5_per_frame_frame_025284.jpg,8/6R1/6p1/kBpr1p2/P7/6P1/6K1/8,white pieces at the bottom of the image
game5_per_frame_frame_025744.jpg,8/6R1/3r2p1/kBp2p2/P7/6P1/6K1/8,white pieces at the bottom of the image
game5_per_frame_frame_027140.jpg,4B3/6R1/3r2p1/k1p2p2/P7/6P1/6K1/8,white pieces at the bottom of the image
game5_per_frame_frame_028056.jpg,4B3/6R1/3r2p1/k4p2/P1p5/6P1/6K1/8,white pieces at the bottom of the image
game5_per_frame_frame_028228.jpg,8/6R1/3r2B1/k4p2/P1p5/6P1/6K1/8,white pieces at the bottom of the image
game5_per_frame_frame_028852.jpg,8/6R1/5rB1/k4p2/P1p5/6P1/6K1/8,white pieces at the bottom of the image
game5_per_frame_frame_029860.jpg,4B3/6R1/5r2/k4p2/P1p5/6P1/6K1/8,white pieces at the bottom of the image
game5_per_frame_frame_029960.jpg,4B3/6R1/5r2/k4p2/P7/2p3P1/6K1/8,white pieces at the bottom of the image
game5_per_frame_frame_030000.jpg,4B3/2R5/5r2/k4p2/P7/2p3P1/6K1/8,white pieces at the bottom of the image
game5_per_frame_frame_030036.jpg,4B3/2R5/5r2/5p2/Pk6/2p3P1/6K1/8,white pieces at the bottom of the image
game5_per_frame_frame_031272.jpg,4B3/2R5/5r2/5p2/Pk6/2p3P1/5K2/8,white pieces at the bottom of the image
game5_per_frame_frame_031428.jpg,4B3/2R5/5r2/5p2/P7/1kp3P1/5K2/8,white pieces at the bottom of the image
game5_per_frame_frame_031960.jpg,8/2R5/5r2/1B3p2/P7/1kp3P1/5K2/8,white pieces at the bottom of the image
game5_per_frame_frame_032060.jpg,8/2R5/3r4/1B3p2/P7/1kp3P1/5K2/8,white pieces at the bottom of the image
game5_per_frame_frame_032120.jpg,8/2R5/3r4/1B3p2/P7/1kp1K1P1/8/8,white pieces at the bottom of the image
game5_per_frame_frame_032488.jpg,8/2R5/4r3/1B3p2/P7/1kp1K1P1/8/8,white pieces at the bottom of the image
game5_per_frame_frame_032852.jpg,8/2R5/4r3/1B3p2/P2K4/1kp3P1/8/8,white pieces at the bottom of the image
game5_per_frame_frame_032988.jpg,8/2R5/3r4/1B3p2/P2K4/1kp3P1/8/8,white pieces at the bottom of the image
game5_per_frame_frame_033260.jpg,8/2R5/3r4/1B3p2/P7/1kp1K1P1/8/8,white pieces at the bottom of the image
game5_per_frame_frame_033416.jpg,8/2R5/4r3/1B3p2/P7/1kp1K1P1/8/8,white pieces at the bottom of the image
game5_per_frame_frame_033636.jpg,8/2R5/4r3/1B3p2/P7/1kp2KP1/8/8,white pieces at the bottom of the image
game5_per_frame_frame_034084.jpg,8/2R5/3r4/1B3p2/P7/1kp2KP1/8/8,white pieces at the bottom of the image
game5_per_frame_frame_034412.jpg,8/2R5/3r4/PB3p2/8/1kp2KP1/8/8,white pieces at the bottom of the image
game5_per_frame_frame_034352.jpg,8/2R5/3r4/PB3p2/8/1k3KP1/2p5/8,white pieces at the bottom of the image
game5_per_frame_frame_034436.jpg,8/2R5/P2r4/1B3p2/8/1k3KP1/2p5/8,white pieces at the bottom of the image
game5_per_frame_frame_034536.jpg,8/2R5/P2r4/1B3p2/8/5KP1/1kp5/8,white pieces at the bottom of the image
game5_per_frame_frame_034576.jpg,8/P1R5/3r4/1B3p2/8/5KP1/1kp5/8,white pieces at the bottom of the image
game5_per_frame_frame_034592.jpg,3r4/P1R5/8/1B3p2/8/5KP1/1kp5/8,white pieces at the bottom of the image
game5_per_frame_frame_034668.jpg,3r4/P7/8/1B3p2/8/5KP1/1kR5/8,white pieces at the bottom of the image
game5_per_frame_frame_034668.jpg,3r4/P7/8/1B3p2/8/5KP1/2k5/8,white pieces at the bottom of the image
game5_per_frame_frame_034708.jpg,3r4/P7/2B5/5p2/8/5KP1/2k5/8,white pieces at the bottom of the image
game6_per_frame_frame_000036.jpg,rnbqkbnr/pppppppp/8/8/8/8/PPPPPPPP/RNBQKBNR,white pieces at the bottom of the image
game6_per_frame_frame_000492.jpg,rnbqkbnr/pppppppp/8/8/3P4/8/PPP1PPPP/RNBQKBNR,white pieces at the bottom of the image
game6_per_frame_frame_000532.jpg,rnbqkbnr/ppp1pppp/8/3p4/3P4/8/PPP1PPPP/RNBQKBNR,white pieces at the bottom of the image
game6_per_frame_frame_000600.jpg,rnbqkbnr/ppp1pppp/8/3p4/3P1B2/8/PPP1PPPP/RN1QKBNR,white pieces at the bottom of the image
game6_per_frame_frame_000616.jpg,rnbqkbnr/ppp2ppp/4p3/3p4/3P1B2/8/PPP1PPPP/RN1QKBNR,white pieces at the bottom of the image
game6_per_frame_frame_000636.jpg,rnbqkbnr/ppp2ppp/4p3/3p4/3P1B2/4P3/PPP2PPP/RN1QKBNR,white pieces at the bottom of the image
game6_per_frame_frame_000692.jpg,rnbqkb1r/ppp2ppp/4pn2/3p4/3P1B2/4P3/PPP2PPP/RN1QKBNR,white pieces at the bottom of the image
game6_per_frame_frame_000788.jpg,rnbqkb1r/ppp2ppp/4pn2/3p4/3P1B2/4P3/PPPN1PPP/R2QKBNR,white pieces at the bottom of the image
game6_per_frame_frame_000808.jpg,rnbqk2r/ppp2ppp/3bpn2/3p4/3P1B2/4P3/PPPN1PPP/R2QKBNR,white pieces at the bottom of the image
game6_per_frame_frame_000824.jpg,rnbqk2r/ppp2ppp/3bpn2/3p4/3P4/4P1B1/PPPN1PPP/R2QKBNR,white pieces at the bottom of the image
game6_per_frame_frame_000960.jpg,rnbqk2r/p1p2ppp/1p1bpn2/3p4/3P4/4P1B1/PPPN1PPP/R2QKBNR,white pieces at the bottom of the image
game6_per_frame_frame_001024.jpg,rnbqk2r/p1p2ppp/1p1bpn2/3p4/3P4/2P1P1B1/PP1N1PPP/R2QKBNR,white pieces at the bottom of the image
game6_per_frame_frame_001036.jpg,rn1qk2r/pbp2ppp/1p1bpn2/3p4/3P4/2P1P1B1/PP1N1PPP/R2QKBNR,white pieces at the bottom of the image
game6_per_frame_frame_001060.jpg,rn1qk2r/pbp2ppp/1p1bpn2/3p4/3P4/2P1PNB1/PP1N1PPP/R2QKB1R,white pieces at the bottom of the image
game6_per_frame_frame_001100.jpg,rn1q1rk1/pbp2ppp/1p1bpn2/3p4/3P4/2P1PNB1/PP1N1PPP/R2QKB1R,white pieces at the bottom of the image
game6_per_frame_frame_001216.jpg,rn1q1rk1/pbp2ppp/1p1bpn2/3p4/3P4/2PBPNB1/PP1N1PPP/R2QK2R,white pieces at the bottom of the image
game6_per_frame_frame_001252.jpg,rn1q1rk1/pbp2ppp/1p1bp3/3p4/3Pn3/2PBPNB1/PP1N1PPP/R2QK2R,white pieces at the bottom of the image
game6_per_frame_frame_001680.jpg,rn1q1rk1/pbp2ppp/1p1bp3/3p4/3Pn2B/2PBPN2/PP1N1PPP/R2QK2R,white pieces at the bottom of the image
game6_per_frame_frame_002000.jpg,rn1q1rk1/pbp3pp/1p1bpp2/3p4/3Pn2B/2PBPN2/PP1N1PPP/R2QK2R,white pieces at the bottom of the image
game6_per_frame_frame_002260.jpg,rn1q1rk1/pbp3pp/1p1bpp2/3p4/3Pn2B/2PBPN2/PPQN1PPP/R3K2R,white pieces at the bottom of the image
game6_per_frame_frame_003248.jpg,rn1q1rk1/pbp3pp/1p1bpp2/3p4/3P3B/2PBPN2/PPQn1PPP/R3K2R,white pieces at the bottom of the image
game6_per_frame_frame_003604.jpg,rn1q1rk1/pbp3pB/1p1bpp2/3p4/3P3B/2P1PN2/PPQn1PPP/R3K2R,white pieces at the bottom of the image
game6_per_frame_frame_003724.jpg,rn1q1r1k/pbp3pB/1p1bpp2/3p4/3P3B/2P1PN2/PPQn1PPP/R3K2R,white pieces at the bottom of the image
game6_per_frame_frame_003904.jpg,rn1q1r1k/pbp3pB/1p1bpp2/3p4/3P3B/2P1P3/PPQN1PPP/R3K2R,white pieces at the bottom of the image
game6_per_frame_frame_004184.jpg,rn1q1r1k/pbp4B/1p1bpp2/3p2p1/3P3B/2P1P3/PPQN1PPP/R3K2R,white pieces at the bottom of the image
game6_per_frame_frame_004400.jpg,rn1q1r1k/pbp4B/1p1bpp2/3p2p1/3P4/2P1P1B1/PPQN1PPP/R3K2R,white pieces at the bottom of the image
game6_per_frame_frame_004460.jpg,rn1q1r1k/pbp4B/1p1bp3/3p1pp1/3P4/2P1P1B1/PPQN1PPP/R3K2R,white pieces at the bottom of the image
game6_per_frame_frame_004768.jpg,rn1q1r1k/pbp4B/1p1Bp3/3p1pp1/3P4/2P1P3/PPQN1PPP/R3K2R,white pieces at the bottom of the image
game6_per_frame_frame_005196.jpg,rn3r1k/pbp4B/1p1qp3/3p1pp1/3P4/2P1P3/PPQN1PPP/R3K2R,white pieces at the bottom of the image
game6_per_frame_frame_005236.jpg,rn3r1k/pbp5/1p1qp1B1/3p1pp1/3P4/2P1P3/PPQN1PPP/R3K2R,white pieces at the bottom of the image
game6_per_frame_frame_005300.jpg,rn3r2/pbp3k1/1p1qp1B1/3p1pp1/3P4/2P1P3/PPQN1PPP/R3K2R,white pieces at the bottom of the image
game6_per_frame_frame_005360.jpg,rn3r2/pbp3k1/1p1qp3/3p1ppB/3P4/2P1P3/PPQN1PPP/R3K2R,white pieces at the bottom of the image
game6_per_frame_frame_005384.jpg,rn5r/pbp3k1/1p1qp3/3p1ppB/3P4/2P1P3/PPQN1PPP/R3K2R,white pieces at the bottom of the image
game6_per_frame_frame_006112.jpg,rn5r/pbp3k1/1p1qp3/3p1pp1/3P4/2P1P3/PPQNBPPP/R3K2R,white pieces at the bottom of the image
game6_per_frame_frame_006224.jpg,rn6/pbp3k1/1p1qp3/3p1pp1/3P4/2P1P3/PPQNBPPr/R3K2R,white pieces at the bottom of the image
game6_per_frame_frame_006500.jpg,rn6/pbp3k1/1p1qp3/3p1pp1/3P4/2P1P3/PPQNBPPr/2KR3R,white pieces at the bottom of the image
game6_per_frame_frame_006760.jpg,r7/pbpn2k1/1p1qp3/3p1pp1/3P4/2P1P3/PPQNBPPr/2KR3R,white pieces at the bottom of the image
game6_per_frame_frame_008000.jpg,r7/pbpn2k1/1p1qp3/3p1pp1/3P4/2P1PN2/PPQ1BPPr/2KR3R,white pieces at the bottom of the image
game6_per_frame_frame_008048.jpg,r7/pbpn2k1/1p1qp3/3p1pp1/3P4/2P1PN2/PPQ1BPP1/2KR3r,white pieces at the bottom of the image
game6_per_frame_frame_008088.jpg,r7/pbpn2k1/1p1qp3/3p1pp1/3P4/2P1PN2/PPQ1BPP1/2K4R,white pieces at the bottom of the image
game6_per_frame_frame_008644.jpg,r7/pbpn2k1/1p1qp3/3p1p2/3P2p1/2P1PN2/PPQ1BPP1/2K4R,white pieces at the bottom of the image
game6_per_frame_frame_009844.jpg,r7/pbpn2k1/1p1qp3/3p1pN1/3P2p1/2P1P3/PPQ1BPP1/2K4R,white pieces at the bottom of the image
game6_per_frame_frame_011180.jpg,r7/pbp3k1/1p1qpn2/3p1pN1/3P2p1/2P1P3/PPQ1BPP1/2K4R,white pieces at the bottom of the image
game6_per_frame_frame_011688.jpg,r7/pbp3k1/1p1qpn2/3p1pN1/3P1Pp1/2P1P3/PPQ1B1P1/2K4R,white pieces at the bottom of the image
game6_per_frame_frame_016936.jpg,r7/p1p3k1/1pbqpn2/3p1pN1/3P1Pp1/2P1P3/PPQ1B1P1/2K4R,white pieces at the bottom of the image
game6_per_frame_frame_017664.jpg,r7/p1p3k1/1pbqpn2/3p1pN1/3P1Pp1/2PBP3/PPQ3P1/2K4R,white pieces at the bottom of the image
game6_per_frame_frame_019768.jpg,r7/p1pq2k1/1pb1pn2/3p1pN1/3P1Pp1/2PBP3/PPQ3P1/2K4R,white pieces at the bottom of the image
game6_per_frame_frame_020160.jpg,r7/p1pq2k1/1pb1pn2/3p1pN1/3P1Pp1/2PBP1P1/PPQ5/2K4R,white pieces at the bottom of the image
game6_per_frame_frame_020508.jpg,7r/p1pq2k1/1pb1pn2/3p1pN1/3P1Pp1/2PBP1P1/PPQ5/2K4R,white pieces at the bottom of the image
game6_per_frame_frame_020524.jpg,7R/p1pq2k1/1pb1pn2/3p1pN1/3P1Pp1/2PBP1P1/PPQ5/2K5,white pieces at the bottom of the image
game6_per_frame_frame_020536.jpg,7k/p1pq4/1pb1pn2/3p1pN1/3P1Pp1/2PBP1P1/PPQ5/2K5,white pieces at the bottom of the image
game6_per_frame_frame_020564.jpg,7k/p1pq4/1pb1pn2/3p1pN1/3P1Pp1/2PBP1P1/PP5Q/2K5,white pieces at the bottom of the image
game6_per_frame_frame_020708.jpg,8/p1pq2k1/1pb1pn2/3p1pN1/3P1Pp1/2PBP1P1/PP5Q/2K5,white pieces at the bottom of the image
game6_per_frame_frame_021964.jpg,8/p1pq2k1/1pb1pn2/3p1pN1/3P1Pp1/1PPBP1P1/P6Q/2K5,white pieces at the bottom of the image
game6_per_frame_frame_022164.jpg,4q3/p1p3k1/1pb1pn2/3p1pN1/3P1Pp1/1PPBP1P1/P6Q/2K5,white pieces at the bottom of the image
game6_per_frame_frame_022716.jpg,4q3/p1pb2k1/1p2pn2/3p1pN1/3P1Pp1/1PPBP1P1/PK5Q/8,white pieces at the bottom of the image
game6_per_frame_frame_023292.jpg,4q3/p1pb2k1/1p2pn2/3p1pN1/3P1Pp1/1PPBP1P1/PK2Q3/8,white pieces at the bottom of the image
game6_per_frame_frame_023748.jpg,4q3/2pb2k1/1p2pn2/p2p1pN1/3P1Pp1/1PPBP1P1/PK2Q3/8,white pieces at the bottom of the image
game6_per_frame_frame_024012.jpg,4q3/2pb2k1/1p2pn2/p2p1pN1/P2P1Pp1/1PPBP1P1/1K2Q3/8,white pieces at the bottom of the image
game6_per_frame_frame_024520.jpg,4q3/2pb2k1/1p2p3/p2p1pNn/P2P1Pp1/1PPBP1P1/1K2Q3/8,white pieces at the bottom of the image
game6_per_frame_frame_024952.jpg,4q3/2pb2k1/1p2p3/p2p1pNn/P2P1Pp1/1PPBP1P1/1K5Q/8,white pieces at the bottom of the image
game6_per_frame_frame_025332.jpg,4q3/3b2k1/1pp1p3/p2p1pNn/P2P1Pp1/1PPBP1P1/1K5Q/8,white pieces at the bottom of the image
game6_per_frame_frame_027248.jpg,4q3/3b2k1/1pp1p3/p2p1pNn/P2P1PpQ/1PPBP1P1/1K6/8,white pieces at the bottom of the image
game6_per_frame_frame_027448.jpg,4q3/3b2k1/1pp1pn2/p2p1pN1/P2P1PpQ/1PPBP1P1/1K6/8,white pieces at the bottom of the image
game6_per_frame_frame_028008.jpg,4q3/3b2k1/1pp1pn2/p2p1pN1/P2P1Pp1/1PPBP1P1/1K5Q/8,white pieces at the bottom of the image
game6_per_frame_frame_028320.jpg,7q/3b2k1/1pp1pn2/p2p1pN1/P2P1Pp1/1PPBP1P1/1K5Q/8,white pieces at the bottom of the image
game6_per_frame_frame_028904.jpg,7q/3b2k1/1pp1pn2/p2p1pN1/P2P1Pp1/1PPBP1P1/1K4Q1/8,white pieces at the bottom of the image
game6_per_frame_frame_029012.jpg,7q/3b2k1/2p1pn2/pp1p1pN1/P2P1Pp1/1PPBP1P1/1K4Q1/8,white pieces at the bottom of the image
game6_per_frame_frame_029716.jpg,7q/3b2k1/2p1pn2/pP1p1pN1/3P1Pp1/1PPBP1P1/1K4Q1/8,white pieces at the bottom of the image
game6_per_frame_frame_029736.jpg,7q/3b2k1/4pn2/pp1p1pN1/3P1Pp1/1PPBP1P1/1K4Q1/8,white pieces at the bottom of the image
game6_per_frame_frame_030460.jpg,7q/3b2k1/4pn2/pp1p1pN1/3P1Pp1/1PPBP1P1/1K2Q3/8,white pieces at the bottom of the image
game6_per_frame_frame_030504.jpg,7q/3b2k1/4pn2/p2p1pN1/1p1P1Pp1/1PPBP1P1/1K2Q3/8,white pieces at the bottom of the image
game6_per_frame_frame_030592.jpg,7q/3b2k1/4pn2/p2p1pN1/1pPP1Pp1/1P1BP1P1/1K2Q3/8,white pieces at the bottom of the image
game6_per_frame_frame_031224.jpg,q7/3b2k1/4pn2/p2p1pN1/1pPP1Pp1/1P1BP1P1/1K2Q3/8,white pieces at the bottom of the image
game6_per_frame_frame_031764.jpg,q7/3b2k1/4pn2/p2p1pN1/1pPP1Pp1/1P1BP1P1/1K6/5Q2,white pieces at the bottom of the image
game6_per_frame_frame_031776.jpg,q7/3b2k1/4pn2/3p1pN1/ppPP1Pp1/1P1BP1P1/1K6/5Q2,white pieces at the bottom of the image
game6_per_frame_frame_031792.jpg,q7/3b2k1/4pn2/3p1pN1/ppPP1Pp1/1P1BP1P1/1K6/Q7,white pieces at the bottom of the image
game6_per_frame_frame_031880.jpg,q7/3b2k1/4pn2/5pN1/pppP1Pp1/1P1BP1P1/1K6/Q7,white pieces at the bottom of the image
game6_per_frame_frame_032060.jpg,q7/3b2k1/4pn2/5pN1/ppBP1Pp1/1P2P1P1/1K6/Q7,white pieces at the bottom of the image
game6_per_frame_frame_032080.jpg,8/3b2k1/4pn2/5pN1/ppBP1Pp1/1P2P1P1/1K4q1/Q7,white pieces at the bottom of the image
game6_per_frame_frame_032104.jpg,8/3b2k1/4pn2/5pN1/ppBP1Pp1/1P2P1P1/6q1/QK6,white pieces at the bottom of the image
game6_per_frame_frame_032136.jpg,8/3b2k1/4pn2/5pN1/ppBP1Pp1/1P2P1P1/8/QK4q1,white pieces at the bottom of the image
game6_per_frame_frame_032224.jpg,8/3b2k1/4pn2/5pN1/ppBP1Pp1/1P2P1P1/K7/Q5q1,white pieces at the bottom of the image
game6_per_frame_frame_032440.jpg,8/3b2k1/4pn2/5pN1/ppBP1Pp1/1P2q1P1/K7/Q7,white pieces at the bottom of the image
game6_per_frame_frame_032832.jpg,8/3b2k1/4pn2/5pN1/ppBP1Pp1/1P2q1P1/K7/7Q,white pieces at the bottom of the image
game6_per_frame_frame_032968.jpg,8/3b2k1/4pn2/5pN1/ppBP1Pp1/1P4P1/K2q4/7Q,white pieces at the bottom of the image
game6_per_frame_frame_033252.jpg,8/3b2k1/4pn2/5pN1/ppBP1Pp1/1P4P1/3q4/1K5Q,white pieces at the bottom of the image
game6_per_frame_frame_033372.jpg,8/3b2k1/4pn2/5pN1/1pBP1Pp1/pP4P1/3q4/1K5Q,white pieces at the bottom of the image
game6_per_frame_frame_033612.jpg,8/3b2k1/4Nn2/5p2/1pBP1Pp1/pP4P1/3q4/1K5Q,white pieces at the bottom of the image
game6_per_frame_frame_033628.jpg,8/6k1/4bn2/5p2/1pBP1Pp1/pP4P1/3q4/1K5Q,white pieces at the bottom of the image
game6_per_frame_frame_033648.jpg,8/1Q4k1/4bn2/5p2/1pBP1Pp1/pP4P1/3q4/1K6,white pieces at the bottom of the image
game6_per_frame_frame_033700.jpg,8/1Q1b2k1/5n2/5p2/1pBP1Pp1/pP4P1/3q4/1K6,white pieces at the bottom of the image
game7_per_frame_frame_000172.jpg,rnbqkbnr/pppppppp/8/8/8/8/PPPPPPPP/RNBQKBNR,white pieces at the bottom of the image
game7_per_frame_frame_000428.jpg,rnbqkbnr/pppppppp/8/8/3P4/8/PPP1PPPP/RNBQKBNR,white pieces at the bottom of the image
game7_per_frame_frame_000696.jpg,rnbqkb1r/pppppppp/5n2/8/3P4/8/PPP1PPPP/RNBQKBNR,white pieces at the bottom of the image
game7_per_frame_frame_000708.jpg,rnbqkb1r/pppppppp/5n2/8/3P1B2/8/PPP1PPPP/RN1QKBNR,white pieces at the bottom of the image
game7_per_frame_frame_000736.jpg,rnbqkb1r/ppp1pppp/5n2/3p4/3P1B2/8/PPP1PPPP/RN1QKBNR,white pieces at the bottom of the image
game7_per_frame_frame_000748.jpg,rnbqkb1r/ppp1pppp/5n2/3p4/3P1B2/4P3/PPP2PPP/RN1QKBNR,white pieces at the bottom of the image
game7_per_frame_frame_000760.jpg,rnbqkb1r/ppp2ppp/4pn2/3p4/3P1B2/4P3/PPP2PPP/RN1QKBNR,white pieces at the bottom of the image
game7_per_frame_frame_000776.jpg,rnbqkb1r/ppp2ppp/4pn2/3p4/3P1B2/4PN2/PPP2PPP/RN1QKB1R,white pieces at the bottom of the image
game7_per_frame_frame_000912.jpg,rnbqk2r/ppp2ppp/3bpn2/3p4/3P1B2/4PN2/PPPN1PPP/R2QKB1R,white pieces at the bottom of the image
game7_per_frame_frame_000956.jpg,rnbqk2r/pp3ppp/2pbpn2/3p4/3P1B2/4PN2/PPPN1PPP/R2QKB1R,white pieces at the bottom of the image
game7_per_frame_frame_001048.jpg,rnbqk2r/pp3ppp/2pbpn2/3p4/3P4/4PNB1/PPPN1PPP/R2QKB1R,white pieces at the bottom of the image
game7_per_frame_frame_001196.jpg,rnb1k2r/ppq2ppp/2pbpn2/3p4/3P4/4PNB1/PPPN1PPP/R2QKB1R,white pieces at the bottom of the image
game7_per_frame_frame_001792.jpg,rnb1k2r/ppq2ppp/2pbpn2/3pN3/3P4/4P1B1/PPPN1PPP/R2QKB1R,white pieces at the bottom of the image
game7_per_frame_frame_001820.jpg,r1b1k2r/ppqn1ppp/2pbpn2/3pN3/3P4/4P1B1/PPPN1PPP/R2QKB1R,white pieces at the bottom of the image
game7_per_frame_frame_001880.jpg,r1b1k2r/ppqn1ppp/2pbpn2/3pN3/3P1P2/4P1B1/PPPN2PP/R2QKB1R,white pieces at the bottom of the image
game7_per_frame_frame_001916.jpg,r1b1k2r/p1qn1ppp/1ppbpn2/3pN3/3P1P2/4P1B1/PPPN2PP/R2QKB1R,white pieces at the bottom of the image
game7_per_frame_frame_001992.jpg,r1b1k2r/p1qn1ppp/1ppbpn2/3pN3/3P1P2/2P1P1B1/PP1N2PP/R2QKB1R,white pieces at the bottom of the image
game7_per_frame_frame_002348.jpg,r1b1k2r/2qn1ppp/1ppbpn2/p2pN3/3P1P2/2P1P1B1/PP1N2PP/R2QKB1R,white pieces at the bottom of the image
game7_per_frame_frame_002700.jpg,r1b1k2r/2qn1ppp/1ppbpn2/p2pN3/3P1P2/2PBP1B1/PP1N2PP/R2QK2R,white pieces at the bottom of the image
game7_per_frame_frame_002900.jpg,r3k2r/2qn1ppp/bppbpn2/p2pN3/3P1P2/2PBP1B1/PP1N2PP/R2QK2R,white pieces at the bottom of the image
game7_per_frame_frame_003076.jpg,r3k2r/2qn1ppp/bppbpn2/p2pN3/3P1P2/2P1P1B1/PPBN2PP/R2QK2R,white pieces at the bottom of the image
game7_per_frame_frame_003400.jpg,r4rk1/2qn1ppp/bppbpn2/p2pN3/3P1P2/2P1P1B1/PPBN2PP/R2QK2R,white pieces at the bottom of the image
game7_per_frame_frame_004516.jpg,r4rk1/2qn1ppp/bppbpn2/p2pN3/3P1P2/2P1PQB1/PPBN2PP/R3K2R,white pieces at the bottom of the image
game7_per_frame_frame_004752.jpg,r4rk1/2qn1ppp/bp1bpn2/p1ppN3/3P1P2/2P1PQB1/PPBN2PP/R3K2R,white pieces at the bottom of the image
game7_per_frame_frame_004952.jpg,r4rk1/2qn1ppp/bp1bpn2/p1ppN3/3P1P1B/2P1PQ2/PPBN2PP/R3K2R,white pieces at the bottom of the image
game7_per_frame_frame_006944.jpg,r4rk1/2qn1ppp/bp1bpn2/p2pN3/3p1P1B/2P1PQ2/PPBN2PP/R3K2R,white pieces at the bottom of the image
game7_per_frame_frame_007040.jpg,r4rk1/2qn1ppp/bp1bpn2/p2pN3/3P1P1B/2P2Q2/PPBN2PP/R3K2R,white pieces at the bottom of the image
game7_per_frame_frame_007600.jpg,r4rk1/2qn1p1p/bp1bpnp1/p2pN3/3P1P1B/2P2Q2/PPBN2PP/R3K2R,white pieces at the bottom of the image
game7_per_frame_frame_012180.jpg,r4rk1/2qn1p1p/bp1bpnp1/p2pN3/3P1P1B/2P4Q/PPBN2PP/R3K2R,white pieces at the bottom of the image
game7_per_frame_frame_014272.jpg,r1r3k1/2qn1p1p/bp1bpnp1/p2pN3/3P1P1B/2P4Q/PPBN2PP/R3K2R,white pieces at the bottom of the image
game7_per_frame_frame_015144.jpg,r1r3k1/2qn1p1p/bp1bpnp1/p2pN3/3P1PPB/2P4Q/PPBN3P/R3K2R,white pieces at the bottom of the image
game7_per_frame_frame_016032.jpg,r1r3k1/2qn1p1p/b2bpnp1/pp1pN3/3P1PPB/2P4Q/PPBN3P/R3K2R,white pieces at the bottom of the image
game7_per_frame_frame_016920.jpg,r1r3k1/2qn1p1p/b2bpnp1/pp1pN3/3P1PPB/2P4Q/PPBN3P/R4RK1,white pieces at the bottom of the image
game7_per_frame_frame_017000.jpg,r1r3k1/2qn1p1p/b2bpnp1/p2pN3/1p1P1PPB/2P4Q/PPBN3P/R4RK1,white pieces at the bottom of the image
game7_per_frame_frame_017092.jpg,r1r3k1/2qn1p1p/b2bpnp1/p2pN3/1p1P1PPB/2P2R1Q/PPBN3P/R5K1,white pieces at the bottom of the image
game7_per_frame_frame_018136.jpg,r1r3k1/2qn1p1p/b2bpnp1/p2pN3/3P1PPB/2p2R1Q/PPBN3P/R5K1,white pieces at the bottom of the image
game7_per_frame_frame_018284.jpg,r1r3k1/2qn1p1p/b2bpnp1/p2pN3/3P1PPB/2P2R1Q/P1BN3P/R5K1,white pieces at the bottom of the image
game7_per_frame_frame_019232.jpg,r1r3k1/2qn1p1p/b3pnp1/p2pN3/1b1P1PPB/2P2R1Q/P1BN3P/R5K1,white pieces at the bottom of the image
game7_per_frame_frame_021764.jpg,r1r3k1/2qn1p1p/b3pnp1/p2pN3/Bb1P1PPB/2P2R1Q/P2N3P/R5K1,white pieces at the bottom of the image
game7_per_frame_frame_025640.jpg,r1r3k1/2q2p1p/b3pnp1/p2pn3/Bb1P1PPB/2P2R1Q/P2N3P/R5K1,white pieces at the bottom of the image
game7_per_frame_frame_026196.jpg,r1r3k1/2q2p1p/b3pnp1/p2pP3/Bb1P2PB/2P2R1Q/P2N3P/R5K1,white pieces at the bottom of the image
game7_per_frame_frame_026756.jpg,r1r3k1/2q2p1p/b3p1p1/p2pP3/Bb1Pn1PB/2P2R1Q/P2N3P/R5K1,white pieces at the bottom of the image
game7_per_frame_frame_028516.jpg,r1r3k1/2q2p1p/b3p1p1/p2pP3/Bb1PN1PB/2P2R1Q/P6P/R5K1,white pieces at the bottom of the image
game7_per_frame_frame_028556.jpg,r1r3k1/2q2p1p/b3p1p1/p3P3/Bb1Pp1PB/2P2R1Q/P6P/R5K1,white pieces at the bottom of the image
game7_per_frame_frame_028972.jpg,r1r3k1/2q2p1p/b3p1p1/p3P3/BP1Pp1PB/5R1Q/P6P/R5K1,white pieces at the bottom of the image
game7_per_frame_frame_029020.jpg,r1r3k1/2q2p1p/b3p1p1/p3P3/BP1P2PB/5p1Q/P6P/R5K1,white pieces at the bottom of the image
game7_per_frame_frame_029020.jpg,r1r3k1/2q2p1p/b3pBp1/p3P3/BP1P2P1/5p1Q/P6P/R5K1,white pieces at the bottom of the image
game7_per_frame_frame_029672.jpg,r1r3k1/5p1p/b3pBp1/p3P3/BP1P2P1/2q2p1Q/P6P/R5K1,white pieces at the bottom of the image
game7_per_frame_frame_030032.jpg,r1r3k1/5p1p/b3pBpQ/p3P3/BP1P2P1/2q2p2/P6P/R5K1,white pieces at the bottom of the image
game7_per_frame_frame_030544.jpg,r1r3k1/5p1p/b3pBpQ/p3P3/BP1P2P1/5p2/P6P/q5K1,white pieces at the bottom of the image
game7_per_frame_frame_030560.jpg,r1r3k1/5p1p/b3pBpQ/p3P3/BP1P2P1/5p2/P4K1P/q7,white pieces at the bottom of the image
game7_per_frame_frame_030576.jpg,r1r3k1/5p1p/b3pBpQ/p3P3/BP1P2P1/5p2/Pq3K1P/8,white pieces at the bottom of the image
game7_per_frame_frame_030820.jpg,r1r3k1/5p1p/b3pBpQ/p3P3/BP1P2P1/5K2/Pq5P/8,white pieces at the bottom of the image
game7_per_frame_frame_031296.jpg,r1r3k1/5p1p/b3pBpQ/p3P3/BP1P2P1/5K2/P3q2P/8,white pieces at the bottom of the image
game7_per_frame_frame_031332.jpg,r1r3k1/5p1p/b3pBpQ/p3P3/BP1P1KP1/8/P3q2P/8,white pieces at the bottom of the image
game7_per_frame_frame_031396.jpg,r1r3k1/5p1p/b3pBpQ/p3P3/BP1P1KP1/8/P2q3P/8,white pieces at the bottom of the image
